"classe","ordre","esp_cies_nom_cient_fic","esp_cies_nom_com","categoria_cat_leg"
"Amfibi","Anurs","Alytes obstetricans","Tòtil","Protegida"
"Amfibi","Anurs","Bufo spinosus (= Bufo bufo)","Gripau comú","Protegida"
"Amfibi","Anurs","Epidalea calamita (= Bufo calamita)","Gripau corredor","Protegida"
"Amfibi","Anurs","Hyla meridionalis","Reineta (meridional)","Protegida"
"Amfibi","Anurs","Pelobates cultripes","Gripau d'esperons","Protegida"
"Amfibi","Anurs","Pelodytes punctatus","Granoteta de punts","Protegida"
"Amfibi","Anurs","Pelophylax perezi","Granota verda","Protegida"
"Amfibi","Anurs","Rana temporaria","Granota roja","Protegida"
"Amfibi","Urodels","Calotriton arnoldi","Tritó del Montseny","En perill d'extinció"
"Amfibi","Urodels","Calotriton asper","Tritó pirinenc","Protegida"
"Amfibi","Urodels","Lissotriton helveticus","Tritó palmat","Protegida"
"Amfibi","Urodels","Pleurodeles waltl","Ofegabous","Vulnerable"
"Amfibi","Urodels","Salamandra salamandra","Salamandra","Protegida"
"Amfibi","Urodels","Triturus marmoratus","Tritó verd","Protegida"
"Invertebrat","Aràcnids","Argyroneta aquatica",,"Vulnerable"
"Invertebrat","Aràcnids","Belisarius xambeui","Escorpí cec","En perill d'extinció"
"Invertebrat","Aràcnids","Ephippiochthonius catalonicus",,"Vulnerable"
"Invertebrat","Aràcnids","Telema tenella",,"Vulnerable"
"Invertebrat","Aràcnids","Troglobisium racovitzai",,"Vulnerable"
"Invertebrat","Ascalàfids","Libelloides coccajus",,"Vulnerable"
"Invertebrat","Cnidaris","Cladocora caespitosa","Madrèpora","Vulnerable"
"Invertebrat","Cnidaris","Corallium rubrum","Corall vermell","Vulnerable"
"Invertebrat","Cnidaris","Dendrophyllia cornigera","Canelobre","Vulnerable"
"Invertebrat","Cnidaris","Desmophyllum dianthus",,"Vulnerable"
"Invertebrat","Cnidaris","Isidella elongata",,"En perill d'extinció"
"Invertebrat","Cnidaris","Leiopathes glaberrima",,"Vulnerable"
"Invertebrat","Cnidaris","Lophelia pertusa",,"Vulnerable"
"Invertebrat","Cnidaris","Madrepora oculata","Corall blanc","Vulnerable"
"Invertebrat","Coleòpters","Acanthocinus hispanicus",,"Vulnerable"
"Invertebrat","Coleòpters","Acmaeops marginatus",,"Vulnerable"
"Invertebrat","Coleòpters","Aesalus scarabaeoides",,"Vulnerable"
"Invertebrat","Coleòpters","Amorphocephala coronata",,"Vulnerable"
"Invertebrat","Coleòpters","Anthaxia  oberthuri",,"Vulnerable"
"Invertebrat","Coleòpters","Calicnemis latreillei",,"Vulnerable"
"Invertebrat","Coleòpters","Calopus serraticornis",,"Vulnerable"
"Invertebrat","Coleòpters","Carabus granulatus",,"En perill d'extinció"
"Invertebrat","Coleòpters","Carabus morbillosus macilentus",,"Vulnerable"
"Invertebrat","Coleòpters","Carabus pyrenaeus",,"Vulnerable"
"Invertebrat","Coleòpters","Catalanodytes bellesi (= Reicheia bellesi)",,"Vulnerable"
"Invertebrat","Coleòpters","Cerambyx cerdo","Banyarriquer del roure","Vulnerable"
"Invertebrat","Coleòpters","Cerambyx miles",,"Vulnerable"
"Invertebrat","Coleòpters","Cerambyx welensii",,"Protegida"
"Invertebrat","Coleòpters","Ceretophyes riberai",,"Vulnerable"
"Invertebrat","Coleòpters","Chitona suturalis",,"Vulnerable"
"Invertebrat","Coleòpters","Cryptocephalus schaefferi",,"Vulnerable"
"Invertebrat","Coleòpters","Cylindera germanica sobrina (= C. germanica catalonica)",,"En perill d'extinció"
"Invertebrat","Coleòpters","Dendarus schusteri",,"En perill d'extinció"
"Invertebrat","Coleòpters","Gnorimus variabilis",,"Vulnerable"
"Invertebrat","Coleòpters","Gonioctena decemnotata",,"Vulnerable"
"Invertebrat","Coleòpters","Hoplia coerulea","Escarabat blau","Vulnerable"
"Invertebrat","Coleòpters","Hydraena gavarrensis",,"Vulnerable"
"Invertebrat","Coleòpters","Iberacritus vivesi",,"Vulnerable"
"Invertebrat","Coleòpters","Iberodorcadion suturale",,"En perill d'extinció"
"Invertebrat","Coleòpters","Kisanthobia ariasi",,"Vulnerable"
"Invertebrat","Coleòpters","Leioderes kollari",,"Vulnerable"
"Invertebrat","Coleòpters","Lucanus barbarossa",,"Protegida"
"Invertebrat","Coleòpters","Lucanus cervus","Escanyapolls o cérvol volant","Vulnerable"
"Invertebrat","Coleòpters","Lucanus pontbrianti",,"Vulnerable"
"Invertebrat","Coleòpters","Meloe variegatus",,"Vulnerable"
"Invertebrat","Coleòpters","Obrium cantharinum",,"Vulnerable"
"Invertebrat","Coleòpters","Ochodaeus inermis",,"Vulnerable"
"Invertebrat","Coleòpters","Osmoderma eremita",,"En perill d'extinció"
"Invertebrat","Coleòpters","Osphya aeneipennis",,"Vulnerable"
"Invertebrat","Coleòpters","Otiorhynchus zariquieyi",,"Vulnerable"
"Invertebrat","Coleòpters","Pachyta quadrimaculata",,"Vulnerable"
"Invertebrat","Coleòpters","Pallaresiella pallaresana",,"Vulnerable"
"Invertebrat","Coleòpters","Paraphaenops breuilianus",,"Vulnerable"
"Invertebrat","Coleòpters","Parvospeonomus canyellesi",,"Vulnerable"
"Invertebrat","Coleòpters","Parvospeonomus urgellesi",,"Vulnerable"
"Invertebrat","Coleòpters","Perriniella bofilli",,"Vulnerable"
"Invertebrat","Coleòpters","Perriniella faurai",,"Vulnerable"
"Invertebrat","Coleòpters","Phylan ilerdensis",,"Vulnerable"
"Invertebrat","Coleòpters","Pimelia interjecta",,"Vulnerable"
"Invertebrat","Coleòpters","Platyderus espanoli (= Cryobius espanoli)",,"Vulnerable"
"Invertebrat","Coleòpters","Pterostichus catalonicus (= Steropus catalonicus)",,"Vulnerable"
"Invertebrat","Coleòpters","Pycnomerus terebrans",,"Vulnerable"
"Invertebrat","Coleòpters","Rosalia alpina","Rosàlia","En perill d'extinció"
"Invertebrat","Coleòpters","Rushia parreyssii",,"Vulnerable"
"Invertebrat","Coleòpters","Scarabaeus semipunctatus",,"Vulnerable"
"Invertebrat","Coleòpters","Speonomites kryophilos",,"Vulnerable"
"Invertebrat","Coleòpters","Speonomites torresi",,"Vulnerable"
"Invertebrat","Coleòpters","Stenostoma rostratum",,"En perill d'extinció"
"Invertebrat","Coleòpters","Synchita fallax",,"Vulnerable"
"Invertebrat","Coleòpters","Synchita undata",,"Vulnerable"
"Invertebrat","Coleòpters","Timarcha sinuaticollis (= Timarcha monserratensis)",,"Vulnerable"
"Invertebrat","Coleòpters","Trechus meregallii",,"Vulnerable"
"Invertebrat","Coleòpters","Troglocharinus kiesenwetteri",,"Vulnerable"
"Invertebrat","Coleòpters","Troglocharinus olerdolai",,"Vulnerable"
"Invertebrat","Coleòpters","Troglocharinus pallisei",,"Vulnerable"
"Invertebrat","Coleòpters","Troglocharinus patracoi",,"Vulnerable"
"Invertebrat","Coleòpters","Zariquieya troglodytes",,"Vulnerable"
"Invertebrat","Crustacis","Austropotamobius pallipes","Cranc de riu","En perill d'extinció"
"Invertebrat","Crustacis","Palaemonetes zariquieyi","Gambeta","Vulnerable"
"Invertebrat","Crustacis","Stenasellus virei",,"Vulnerable"
"Invertebrat","Crustacis","Triops cancriformis","Tortugueta","Vulnerable"
"Invertebrat","Diplurs","Gollumjapyx smeagol",,"Vulnerable"
"Invertebrat","Diplurs","Paratachycampa hispanica",,"Vulnerable"
"Invertebrat","Hemípters","Aphelocheirus aestivalis",,"Vulnerable"
"Invertebrat","Hemípters","Orthotylus siuranus",,"Vulnerable"
"Invertebrat","Heteròpters","Acalypta nigrina",,"Vulnerable"
"Invertebrat","Heteròpters","Dictyla lithospermi","Puntaire de la cua de gat","Vulnerable"
"Invertebrat","Heteròpters","Dimorphocoris obachi",,"Vulnerable"
"Invertebrat","Heteròpters","Orthotylus gemmae","Ortòtil","Vulnerable"
"Invertebrat","Heteròpters","Polytoxus siculus",,"Vulnerable"
"Invertebrat","Heteròpters","Solenoxyphus lepidus",,"Vulnerable"
"Invertebrat","Heteròpters","Vibertiola cinerea","Assassina de l’albellatge","Vulnerable"
"Invertebrat","Himenòpters","Bombus cullumanus",,"Vulnerable"
"Invertebrat","Himenòpters","Bombus gerstaeckeri",,"Vulnerable"
"Invertebrat","Lepidòpters","Agriades glandon","Blavet de glacera","Vulnerable"
"Invertebrat","Lepidòpters","Aricia morronensis","Moreneta ibèrica","Vulnerable"
"Invertebrat","Lepidòpters","Aricia nicias","Moreneta grisa","En perill d'extinció"
"Invertebrat","Lepidòpters","Artimelia latreillei",,"Vulnerable"
"Invertebrat","Lepidòpters","Boloria eunomia","Donzella de la bistorta","En perill d'extinció"
"Invertebrat","Lepidòpters","Boloria pales","Donzella alpina","Vulnerable"
"Invertebrat","Lepidòpters","Brenthis hecate","Perlada de la filipèndula","Vulnerable"
"Invertebrat","Lepidòpters","Carterocephalus palaemon","Caparrut aranès","En perill d'extinció"
"Invertebrat","Lepidòpters","Colias phicomone","Safranera alpina","Vulnerable"
"Invertebrat","Lepidòpters","Erebia cassioides","Muntanyesa grisa","Vulnerable"
"Invertebrat","Lepidòpters","Erebia epistygne","Muntanyesa de primavera","En perill d'extinció"
"Invertebrat","Lepidòpters","Erebia gorge","Muntanyesa de tartera","Vulnerable"
"Invertebrat","Lepidòpters","Erebia gorgone","Muntanyesa pirinenca","Vulnerable"
"Invertebrat","Lepidòpters","Erebia manto","Muntanyesa llisa","Vulnerable"
"Invertebrat","Lepidòpters","Erebia oeme","Muntanyesa de mollera","Vulnerable"
"Invertebrat","Lepidòpters","Erebia pandrose","Muntanyesa puntejada","Vulnerable"
"Invertebrat","Lepidòpters","Erebia pronoe","Muntanyesa aranesa","Vulnerable"
"Invertebrat","Lepidòpters","Erebia sthennyo","Muntanyesa puntejada pirinenca","Vulnerable"
"Invertebrat","Lepidòpters","Eriogaster catax",,"Protegida"
"Invertebrat","Lepidòpters","Euchloe bazae","Grogueta del desert","Extinta com a reproductora"
"Invertebrat","Lepidòpters","Euchloe simplonia","Marbrada alpina","Vulnerable"
"Invertebrat","Lepidòpters","Euchloe tagis","Marbrada de ponent","En perill d'extinció"
"Invertebrat","Lepidòpters","Eumedonia eumedon","Moreneta torrentera","Vulnerable"
"Invertebrat","Lepidòpters","Euphydryas aurinia","Brocat variable","Protegida"
"Invertebrat","Lepidòpters","Fabriciana niobe","Niobe","Vulnerable"
"Invertebrat","Lepidòpters","Graellsia isabelae","Graèllsia","Protegida"
"Invertebrat","Lepidòpters","Heteropterus morpheus","Saltiró","En perill d'extinció"
"Invertebrat","Lepidòpters","Hyponephele lupina","Bruna de secà","En perill d'extinció"
"Invertebrat","Lepidòpters","Hyponephele lycaon","Bruna de muntanya","Vulnerable"
"Invertebrat","Lepidòpters","Iolana debilitata","Blaveta de l’espantallops","Vulnerable"
"Invertebrat","Lepidòpters","Lasiommata petropolitana","Margenera aranesa","Vulnerable"
"Invertebrat","Lepidòpters","Lycaena hippothoe","Coure de mollera","Vulnerable"
"Invertebrat","Lepidòpters","Maculinea nausithous",,"Protegida"
"Invertebrat","Lepidòpters","Maculinea teleius",,"Protegida"
"Invertebrat","Lepidòpters","Melanargia galathea","Escac aranès","Vulnerable"
"Invertebrat","Lepidòpters","Melanargia ines","Escac de ponent","En perill d'extinció"
"Invertebrat","Lepidòpters","Melanargia occitanica","Escac ferruginós","Vulnerable"
"Invertebrat","Lepidòpters","Parnassius apollo","Apol·lo","Protegida"
"Invertebrat","Lepidòpters","Parnassius mnemosyne","Mnemòsine","Vulnerable"
"Invertebrat","Lepidòpters","Phengaris alcon (= Maculinea alcon)","Formiguera petita","Vulnerable"
"Invertebrat","Lepidòpters","Phengaris arion (= Maculinea arion)","Formiguera gran","Vulnerable"
"Invertebrat","Lepidòpters","Pieris ergane","Blanqueta de la pedrosa","Vulnerable"
"Invertebrat","Lepidòpters","Polyommatus eros","Blaveta alpina","Vulnerable"
"Invertebrat","Lepidòpters","Polyommatus nivescens","Blaveta nívia","Vulnerable"
"Invertebrat","Lepidòpters","Proserpinus proserpina",,"Protegida"
"Invertebrat","Lepidòpters","Pseudophilotes baton","Blaveta del serpoll","Vulnerable"
"Invertebrat","Lepidòpters","Pyrgus andromedae","Merlet boreal","En perill d'extinció"
"Invertebrat","Lepidòpters","Pyrgus cacaliae","Merlet alpí","En perill d'extinció"
"Invertebrat","Lepidòpters","Pyrgus onopordi","Merlet dels erms","Vulnerable"
"Invertebrat","Lepidòpters","Satyrium pruni","Marroneta de l’aranyoner aranesa","En perill d'extinció"
"Invertebrat","Lepidòpters","Satyrus ferula","Sàtir gran","Vulnerable"
"Invertebrat","Lepidòpters","Scolitantides orion","Blaveta del crespinell","Vulnerable"
"Invertebrat","Lepidòpters","Zegris eupheme","Aurora dels guarets","En perill d'extinció"
"Invertebrat","Miriàpodes","Cranogona cornutum",,"Vulnerable"
"Invertebrat","Miriàpodes","Hispaniosoma racovitzai",,"Vulnerable"
"Invertebrat","Miriàpodes","Lithobius allotyphlus",,"Vulnerable"
"Invertebrat","Miriàpodes","Lithobius ambulotentus",,"Vulnerable"
"Invertebrat","Miriàpodes","Paratyphloiulus bolivari",,"Vulnerable"
"Invertebrat","Miriàpodes","Paratyphloiulus lagari",,"Vulnerable"
"Invertebrat","Miriàpodes","Psychrosoma tarraconensis",,"Vulnerable"
"Invertebrat","Miriàpodes","Rhyparomeris lineata",,"Vulnerable"
"Invertebrat","Miriàpodes","Scutogona muticum",,"Vulnerable"
"Invertebrat","Miriàpodes","Scutogona vivesi",,"Vulnerable"
"Invertebrat","Miriàpodes","Tarracoblaniulus lagari",,"Vulnerable"
"Invertebrat","Miriàpodes","Trichoblaniulus tarraconensis",,"Vulnerable"
"Invertebrat","Mol·luscs","Abida gittenbergeri",,"Vulnerable"
"Invertebrat","Mol·luscs","Abida secale",,"Protegida"
"Invertebrat","Mol·luscs","Anodonta anatina (= Anodonta cygnea)","Nàiada anodonta","Protegida"
"Invertebrat","Mol·luscs","Anodonta cygnea","Nàiada anodonta","Protegida"
"Invertebrat","Mol·luscs","Arianta xatartii",,"Vulnerable"
"Invertebrat","Mol·luscs","Atenia quadrasi",,"Vulnerable"
"Invertebrat","Mol·luscs","Avenionia brevis",,"Protegida"
"Invertebrat","Mol·luscs","Backeljaia corbellai",,"Vulnerable"
"Invertebrat","Mol·luscs","Baldufa fontinalis",,"En perill d'extinció"
"Invertebrat","Mol·luscs","Belgrandia boscae (= Belgrandia marginata)",,"En perill d'extinció"
"Invertebrat","Mol·luscs","Bofilliella subarcuata",,"En perill d'extinció"
"Invertebrat","Mol·luscs","Bythinella batalleri",,"Vulnerable"
"Invertebrat","Mol·luscs","Bythinella baudoni andorrensis",,"Protegida"
"Invertebrat","Mol·luscs","Bythinella espanoli",,"En perill d'extinció"
"Invertebrat","Mol·luscs","Bythinella persuturata",,"Protegida"
"Invertebrat","Mol·luscs","Bythinella reyniesii",,"Protegida"
"Invertebrat","Mol·luscs","Bythinella rufescens rufescens",,"Protegida"
"Invertebrat","Mol·luscs","Bythinella tejedoi",,"Protegida"
"Invertebrat","Mol·luscs","Charonia lampas lampas","Corn marí","En perill d'extinció"
"Invertebrat","Mol·luscs","Cochlostoma patulum fontqueri",,"Protegida"
"Invertebrat","Mol·luscs","Corneola desmoulinsii bechi (= Chilostoma desmoulinsii bechi)",,"Vulnerable"
"Invertebrat","Mol·luscs","Deroceras altimirai",,"Protegida"
"Invertebrat","Mol·luscs","Deroceras tarracense",,"Vulnerable"
"Invertebrat","Mol·luscs","Euglesa hibernica",,"Vulnerable"
"Invertebrat","Mol·luscs","Euglesa lilljeborgii",,"Vulnerable"
"Invertebrat","Mol·luscs","Euglesa subtruncata",,"Protegida"
"Invertebrat","Mol·luscs","Guadiella ballesterosi",,"Vulnerable"
"Invertebrat","Mol·luscs","Heleobia macei",,"Vulnerable"
"Invertebrat","Mol·luscs","Hohenwartiana disparata",,"Vulnerable"
"Invertebrat","Mol·luscs","Hygromia tassyi",,"Vulnerable"
"Invertebrat","Mol·luscs","Islamia ateni",,"Extinta com a reproductora"
"Invertebrat","Mol·luscs","Islamia globulus",,"Protegida"
"Invertebrat","Mol·luscs","Islamia lagari",,"En perill d'extinció"
"Invertebrat","Mol·luscs","Margaritifera auricularia","Margaritífera auriculada","Extinta com a reproductora"
"Invertebrat","Mol·luscs","Mastigophallus rangianus",,"Vulnerable"
"Invertebrat","Mol·luscs","Melanopsis tricarinata",,"En perill d'extinció"
"Invertebrat","Mol·luscs","Moitessieria barrinae",,"En perill d'extinció"
"Invertebrat","Mol·luscs","Moitessieria collellensis",,"Vulnerable"
"Invertebrat","Mol·luscs","Moitessieria dexteri",,"En perill d'extinció"
"Invertebrat","Mol·luscs","Moitessieria foui",,"Vulnerable"
"Invertebrat","Mol·luscs","Moitessieria garrotxaensis",,"Vulnerable"
"Invertebrat","Mol·luscs","Moitessieria hedraensis",,"En perill d'extinció"
"Invertebrat","Mol·luscs","Moitessieria juvenisanguis",,"En perill d'extinció"
"Invertebrat","Mol·luscs","Moitessieria lludrigaensis",,"Vulnerable"
"Invertebrat","Mol·luscs","Moitessieria mugae",,"En perill d'extinció"
"Invertebrat","Mol·luscs","Moitessieria olleri",,"Protegida"
"Invertebrat","Mol·luscs","Moitessieria pasterae",,"En perill d'extinció"
"Invertebrat","Mol·luscs","Moitessieria pesanta",,"Vulnerable"
"Invertebrat","Mol·luscs","Moitessieria prioratensis",,"Vulnerable"
"Invertebrat","Mol·luscs","Moitessieria punctata",,"Vulnerable"
"Invertebrat","Mol·luscs","Moitessieria ripacurtiae",,"En perill d'extinció"
"Invertebrat","Mol·luscs","Moitessieria sanctichristophori",,"En perill d'extinció"
"Invertebrat","Mol·luscs","Moitessieria seminiana",,"En perill d'extinció"
"Invertebrat","Mol·luscs","Moitessieria tatirocae",,"En perill d'extinció"
"Invertebrat","Mol·luscs","Montserratina bofilliana",,"Vulnerable"
"Invertebrat","Mol·luscs","Montserratina martorelli",,"Vulnerable"
"Invertebrat","Mol·luscs","Norelona pyrenaica",,"Vulnerable"
"Invertebrat","Mol·luscs","Pinna nobilis","Nacra","En perill d'extinció"
"Invertebrat","Mol·luscs","Potomida littoralis (= Psilunio littoralis)","Nàiade rodona","Vulnerable"
"Invertebrat","Mol·luscs","Pseudamnicola subproducta",,"Vulnerable"
"Invertebrat","Mol·luscs","Pyrenaearia carascalopsis",,"Vulnerable"
"Invertebrat","Mol·luscs","Pyrenaearia guillenae",,"Vulnerable"
"Invertebrat","Mol·luscs","Pyrenaearia molae",,"En perill d'extinció"
"Invertebrat","Mol·luscs","Pyrenaearia organiaca",,"En perill d'extinció"
"Invertebrat","Mol·luscs","Pyrenaearia parva",,"Vulnerable"
"Invertebrat","Mol·luscs","Suboestophora tarraconensis",,"Vulnerable"
"Invertebrat","Mol·luscs","Tarraconia rolani",,"En perill d'extinció"
"Invertebrat","Mol·luscs","Trochoidea trochoides",,"Vulnerable"
"Invertebrat","Mol·luscs","Unio mancus (= Unio elongatulus)","Nàiade allargada","En perill d'extinció"
"Invertebrat","Mol·luscs","Unio ravoisieri (= Unio aleroni = Unio elongatulus)","Nàiade de Banyoles","En perill d'extinció"
"Invertebrat","Mol·luscs","Vertigo angustior",,"En perill d'extinció"
"Invertebrat","Mol·luscs","Vertigo moulinsiana",,"En perill d'extinció"
"Invertebrat","Mol·luscs","Xerocrassa montserratensis",,"Vulnerable"
"Invertebrat","Odonats","Aeshna afinis","Espiadimonis blau","Vulnerable"
"Invertebrat","Odonats","Aeshna isoceles","Espiadimonis ataronjat","Vulnerable"
"Invertebrat","Odonats","Coenagrion hastulatum","Donzell llancer","En perill d'extinció"
"Invertebrat","Odonats","Coenagrion mercuriale",,"Protegida"
"Invertebrat","Odonats","Cordulegaster bidentata","Passabarrancs bidentat","Vulnerable"
"Invertebrat","Odonats","Cordulia aenea","Maragda envellutada","En perill d'extinció"
"Invertebrat","Odonats","Gomphus graslinii","Rodadits esperonat","En perill d'extinció"
"Invertebrat","Odonats","Lestes dryas","Alaestès robust","Vulnerable"
"Invertebrat","Odonats","Lestes sponsa","Alaestès fi","Vulnerable"
"Invertebrat","Odonats","Leucorrhinia dubia","Carablanc petit","En perill d'extinció"
"Invertebrat","Odonats","Libellula fulva","Libèl·lula d’ulls grisos","Vulnerable"
"Invertebrat","Odonats","Macromia splendens","Xanquer europeu","En perill d'extinció"
"Invertebrat","Odonats","Onychogomphus costae","Tallanassos d’areny","En perill d'extinció"
"Invertebrat","Odonats","Orthetrum nitidinerve","Parot nervat","En perill d'extinció"
"Invertebrat","Odonats","Oxygastra curtisii","Esparver d’aigua","Vulnerable"
"Invertebrat","Odonats","Selysiothemis nigra","Gallardet negre","Vulnerable"
"Invertebrat","Odonats","Somatochlora metallica","Maragda lluent","En perill d'extinció"
"Invertebrat","Odonats","Sympetrum pedemontanum","Pixaví alabarrat","En perill d'extinció"
"Invertebrat","Odonats","Sympetrum vulgatum","Pixaví muntanyenc","En perill d'extinció"
"Invertebrat","Ortòpters","Acinipe eulaliae","Llagost-pedra de romaní","En perill d'extinció"
"Invertebrat","Ortòpters","Albarracinia zapaterii","Somereta dels Ports grossa","Vulnerable"
"Invertebrat","Ortòpters","Arcyptera brevipennis","Arcíptera d’estepa","Vulnerable"
"Invertebrat","Ortòpters","Bohemanella frigida","Saltiretjo alpí","En perill d'extinció"
"Invertebrat","Ortòpters","Brachycrotaphus tryxalicerus","Saltamartí d’albellatge","Protegida"
"Invertebrat","Ortòpters","Celes variabilis","Llagosta negra","En perill d'extinció"
"Invertebrat","Ortòpters","Ctenodecticus masferreri","Saltarel·la del Montseny","Vulnerable"
"Invertebrat","Ortòpters","Ctenodecticus thymi","Saltarel·la del Montsec","Vulnerable"
"Invertebrat","Ortòpters","Dolichopoda bolivari","Saltarel·la de cova occidental","Vulnerable"
"Invertebrat","Ortòpters","Ephippigerida asella","Somereta del Miracle","Vulnerable"
"Invertebrat","Ortòpters","Gomphoceridius brevipennis","Saltamartí dels Pirineus","Vulnerable"
"Invertebrat","Ortòpters","Heteracris littoralis","Llagost de litoral","Vulnerable"
"Invertebrat","Ortòpters","Kurtharzia nugatoria","Llagost-pedra dels Ports","Vulnerable"
"Invertebrat","Ortòpters","Lluciapomaresius ortegai","Somereta ratllada","Vulnerable"
"Invertebrat","Ortòpters","Lluciapomaresius panteli (= Lluciapomaresius nisae)","Somereta del Montsant","Vulnerable"
"Invertebrat","Ortòpters","Metaplastes pulchripennis","Barbitist d’alzinar","Protegida"
"Invertebrat","Ortòpters","Mioscirtus wagneri","Llagost de salicornar","Vulnerable"
"Invertebrat","Ortòpters","Odontura aspericauda","Barbitist del margalló","Protegida"
"Invertebrat","Ortòpters","Omocestus navasi","Saltamartí de Navàs","Vulnerable"
"Invertebrat","Ortòpters","Petaloptila pyrenaea","Grill de cova dels Pirineus","Vulnerable"
"Invertebrat","Ortòpters","Petaloptila venosa","Grill de cova dels Ports","En perill d'extinció"
"Invertebrat","Ortòpters","Prionotropis ancosae","Llagost-pedra d’Ancosa","En perill d'extinció"
"Invertebrat","Ortòpters","Prionotropis flexuosa","Llagost-pedra de timoneda","En perill d'extinció"
"Invertebrat","Ortòpters","Prionotropis xausi","Llagost-pedra del Montsec","En perill d'extinció"
"Invertebrat","Ortòpters","Pseudomogoplistes squamiger","Grill escatós","En perill d'extinció"
"Invertebrat","Ortòpters","Pycnogaster sanchezgomezi","Somereta de Sanchez-Gomez","En perill d'extinció"
"Invertebrat","Ortòpters","Saga pedo","Saga","En perill d'extinció"
"Invertebrat","Planàries","Phagocata ullala",,"Vulnerable"
"Invertebrat","Tricòpters","Synagapetus serotinus",,"Vulnerable"
"Mamífer","Carnívors","Canis lupus","Llop","Extinta com a reproductora"
"Mamífer","Carnívors","Felis silvestris","Gat fer o gat salvatge","Protegida"
"Mamífer","Carnívors","Lutra lutra","Llúdriga euroasiàtica","Protegida"
"Mamífer","Carnívors","Lynx lynx","Linx nòrdic, linx boreal","Extinta com a reproductora"
"Mamífer","Carnívors","Lynx pardina (= L. pardinus)","Linx ibèric","Extinta com a reproductora"
"Mamífer","Carnívors","Martes martes","Marta","Protegida"
"Mamífer","Carnívors","Mustela erminea","Ermini","Vulnerable"
"Mamífer","Carnívors","Mustela lutreola","Visó europeu","Protegida"
"Mamífer","Carnívors","Mustela nivalis","Mostela","Vulnerable"
"Mamífer","Carnívors","Mustela putorius","Turó europeu","En perill d'extinció"
"Mamífer","Carnívors","Ursus arctos","Os bru","En perill d'extinció"
"Mamífer","Cetacis","Balaenoptera physalus","Rorqual comú","Vulnerable"
"Mamífer","Cetacis","Delphinus delphis","Dofí comú","Vulnerable"
"Mamífer","Cetacis","Eschrichtius robustus","Balena grisa","Protegida"
"Mamífer","Cetacis","Globicephala melas","Cap d’olla negre","Vulnerable"
"Mamífer","Cetacis","Grampus griseus","Cap d’olla gris","Vulnerable"
"Mamífer","Cetacis","Megaptera novaeangliae","Balena geperuda o iIubarta","Protegida"
"Mamífer","Cetacis","Orcinus orca","Orca","Protegida"
"Mamífer","Cetacis","Physeter macrocephalus","Catxalot","Vulnerable"
"Mamífer","Cetacis","Stenella coeruleoalba","Dofí llistat","Protegida"
"Mamífer","Cetacis","Tursiops truncatus","Dofí mular","Vulnerable"
"Mamífer","Cetacis","Ziphius cavirostris","Balena amb bec de Cuvier","Vulnerable"
"Mamífer","Insectívors","Aethechinus (= Atelerix) algirus","Eriçó clar","Vulnerable"
"Mamífer","Insectívors","Erinaceus europaeus","Eriçó fosc","Protegida"
"Mamífer","Insectívors","Galemys pyrenaicus","Almesquera","En perill d'extinció"
"Mamífer","Insectívors","Neomys anomalus","Musaranya d’aigua mediterrània","Vulnerable"
"Mamífer","Insectívors","Neomys fodiens","Musaranya d’aigua pirinenca","Protegida"
"Mamífer","Insectívors","Neomys milleri","Musaranya d’aigua europea","Vulnerable"
"Mamífer","Insectívors","Sorex araneus","Musaranya cuaquadrada","Protegida"
"Mamífer","Insectívors","Sorex coronatus","Musaranya de Millet","Protegida"
"Mamífer","Pinnípedes","Monachus monachus","Vedell marí, vellmarí","Extinta com a reproductora"
"Mamífer","Quiròpters","Barbastella barbastellus","Ratpenat de bosc","Vulnerable"
"Mamífer","Quiròpters","Eptesicus serotinus","Ratpenat dels graners","Protegida"
"Mamífer","Quiròpters","Hypsugo savii","Ratpenat muntanyenc","Protegida"
"Mamífer","Quiròpters","Miniopterus schreibersii","Ratpenat de cova","Vulnerable"
"Mamífer","Quiròpters","Myotis alcathoe","Ratpenat de bigotis petit","En perill d'extinció"
"Mamífer","Quiròpters","Myotis bechsteinii","Ratpenat de Bechstein","En perill d'extinció"
"Mamífer","Quiròpters","Myotis blythii","Ratpenat de musell agut","Vulnerable"
"Mamífer","Quiròpters","Myotis capaccinii","Ratpenat de peus grans","En perill d'extinció"
"Mamífer","Quiròpters","Myotis crypticus","Ratpenat gris itàlic","Protegida"
"Mamífer","Quiròpters","Myotis daubentonii","Rat-penat d'aigua","Protegida"
"Mamífer","Quiròpters","Myotis emarginatus","Ratpenat d'orelles dentades","Vulnerable"
"Mamífer","Quiròpters","Myotis escalerai","Ratpenat de doble serrell","Protegida"
"Mamífer","Quiròpters","Myotis myotis","Ratpenat de musell llarg","Vulnerable"
"Mamífer","Quiròpters","Myotis mystacinus","Ratpenat de bigotis","Vulnerable"
"Mamífer","Quiròpters","Nyctalus lasiopterus","Ratpenat nòctul gegant","Vulnerable"
"Mamífer","Quiròpters","Nyctalus leisleri","Ratpenat nòctul petit","Protegida"
"Mamífer","Quiròpters","Nyctalus noctula","Ratpenat nòctul gros","Vulnerable"
"Mamífer","Quiròpters","Pipistrellus kuhlii","Ratpenat de vores clares","Protegida"
"Mamífer","Quiròpters","Pipistrellus nathusii","Ratpenat de Nathusius","Vulnerable"
"Mamífer","Quiròpters","Pipistrellus pipistrellus","Ratpenat  comú","Protegida"
"Mamífer","Quiròpters","Pipistrellus pygmaeus","Ratpenat soprano","Protegida"
"Mamífer","Quiròpters","Plecotus auritus","Ratpenat orellut septentrional","Vulnerable"
"Mamífer","Quiròpters","Plecotus austriacus","Ratpenat orellut meridional","Protegida"
"Mamífer","Quiròpters","Plecotus macrobullaris","Ratpenat orellut alpí","Vulnerable"
"Mamífer","Quiròpters","Rhinolophus euryale","Ratpenat de ferradura mediterrani","En perill d'extinció"
"Mamífer","Quiròpters","Rhinolophus ferrumequinum","Ratpenat de ferradura gran","Vulnerable"
"Mamífer","Quiròpters","Rhinolophus hipposideros","Ratpenat de ferradura petit","Protegida"
"Mamífer","Quiròpters","Rhinolophus mehelyi","Ratpenat de ferradura mitjà","Extinta com a reproductora"
"Mamífer","Quiròpters","Tadarida teniotis","Ratpenat cuallarg","Protegida"
"Mamífer","Quiròpters","Vespertilio murinus","Ratpenat argentat","Vulnerable"
"Mamífer","Rosegadors","Arvicola sapidus","Rata d’aigua","Vulnerable"
"Mamífer","Rosegadors","Glis glis","Liró gris","Protegida"
"Mamífer","Rosegadors","Microtus nivalis","Talpó de tartera","Protegida"
"Mamífer","Rosegadors","Microtus pyrenaicus","Talpó pirinenc","Protegida"
"Mamífer","Rosegadors","Sciurus vulgaris","Esquirol","Protegida"
"Ocell","Accipitriformes","Accipiter gentilis","Astor","Protegida"
"Ocell","Accipitriformes","Accipiter nisus","Esparver (vulgar)","Protegida"
"Ocell","Accipitriformes","Aegypius monachus","Voltor negre","Vulnerable"
"Ocell","Accipitriformes","Aquila chrysaetos","Àguila daurada","Protegida"
"Ocell","Accipitriformes","Aquila fasciata (= Hieraaetus fasciatus)","Àguila cuabarrada","En perill d'extinció"
"Ocell","Accipitriformes","Aquila heliaca","Àguila imperial oriental","Extinta com a reproductora"
"Ocell","Accipitriformes","Buteo buteo","Aligot (comú)","Protegida"
"Ocell","Accipitriformes","Buteo lagopus","Aligot calçat","Protegida"
"Ocell","Accipitriformes","Circaetus gallicus","Àguila marcenca","Protegida"
"Ocell","Accipitriformes","Circus aeruginosus","Arpella (vulgar)","Protegida"
"Ocell","Accipitriformes","Circus cyaneus","Arpella pàl·lida","En perill d'extinció"
"Ocell","Accipitriformes","Circus pygargus","Esparver cendrós","Vulnerable"
"Ocell","Accipitriformes","Elanus caeruleus","Esparver d’espatlles negres","Protegida"
"Ocell","Accipitriformes","Falco naumanni","Xoriguer petit","Vulnerable"
"Ocell","Accipitriformes","Gypaetus barbatus","Trencalòs","En perill d'extinció"
"Ocell","Accipitriformes","Gyps fulvus","Voltor comú","Protegida"
"Ocell","Accipitriformes","Hieraaetus pennatus (= Aquila pennata)","Àguila calçada","Protegida"
"Ocell","Accipitriformes","Milvus migrans","Milà negre","Protegida"
"Ocell","Accipitriformes","Milvus milvus","Milà reial","En perill d'extinció"
"Ocell","Accipitriformes","Neophron percnopterus","Aufrany","Vulnerable"
"Ocell","Accipitriformes","Pandion haliaetus","Àguila pescadora","Extinta com a reproductora"
"Ocell","Accipitriformes","Pernis apivorus","Aligot vesper","Protegida"
"Ocell","Anseriformes","Aythya ferina","Morell de cap roig","Protegida"
"Ocell","Anseriformes","Aythya fuligula","Morell de plomall","Protegida"
"Ocell","Anseriformes","Aythya marila","Morell buixot","Protegida"
"Ocell","Anseriformes","Aythya nyroca","Morell xocolater","En perill d'extinció"
"Ocell","Anseriformes","Bucephala clangula","Morell d’ulls grocs","Protegida"
"Ocell","Anseriformes","Clangula hyemalis","Ànec glacial","Protegida"
"Ocell","Anseriformes","Marmaronetta angustirostris","Xarxet marbrenc","En perill d'extinció"
"Ocell","Anseriformes","Melanitta fusca","Ànec fosc","Protegida"
"Ocell","Anseriformes","Melanitta nigra","Ànec negre","Protegida"
"Ocell","Anseriformes","Mergellus albellus","Bec de serra petit","Protegida"
"Ocell","Anseriformes","Mergus merganser","Bec de serra gros","Protegida"
"Ocell","Anseriformes","Mergus serrator","Bec de serra mitjà","Protegida"
"Ocell","Anseriformes","Oxyura leucocephala","Ànec capblanc","En perill d'extinció"
"Ocell","Anseriformes","Somateria mollissima","Èider","Protegida"
"Ocell","Anseriformes","Tadorna ferruginea","Ànec canyella","Protegida"
"Ocell","Anseriformes","Tadorna tadorna","Ànec blanc","Protegida"
"Ocell","Apodiformes","Apus apus","Falciot negre","Protegida"
"Ocell","Apodiformes","Apus pallidus","Falciot pàl·lid","Protegida"
"Ocell","Apodiformes","Tachymarptis melba (= Apus melba)","Ballester","Protegida"
"Ocell","Caprimulgiformes","Caprimulgus europaeus","Enganyapastors","Protegida"
"Ocell","Caprimulgiformes","Caprimulgus ruficollis","Siboc","Protegida"
"Ocell","Caradriformes","Actitis hypoleucos","Xivitona (vulgar)","Protegida"
"Ocell","Caradriformes","Alca torda","Gavot","Vulnerable"
"Ocell","Caradriformes","Arenaria interpres","Remena-rocs","Protegida"
"Ocell","Caradriformes","Burhinus oedicnemus","Torlit","Protegida"
"Ocell","Caradriformes","Calidris alba","Territ tresdits","Protegida"
"Ocell","Caradriformes","Calidris alpina","Territ variant","Protegida"
"Ocell","Caradriformes","Calidris canutus","Territ gros","Protegida"
"Ocell","Caradriformes","Calidris ferruginea","Territ becllarg","Protegida"
"Ocell","Caradriformes","Calidris minuta","Territ menut","Protegida"
"Ocell","Caradriformes","Calidris pugnax (= Philomachus pugnax)","Batallaire","Protegida"
"Ocell","Caradriformes","Calidris temminckii","Territ de Temminck","Protegida"
"Ocell","Caradriformes","Charadrius alexandrinus","Corriol camanegre","Vulnerable"
"Ocell","Caradriformes","Charadrius dubius","Corriol petit","Protegida"
"Ocell","Caradriformes","Charadrius hiaticula","Corriol gros","Protegida"
"Ocell","Caradriformes","Charadrius morinellus","Corriol pit-roig","Vulnerable"
"Ocell","Caradriformes","Chlidonias hybrida (= Chlidonias hybridus)","Fumarell carablanc","Vulnerable"
"Ocell","Caradriformes","Chlidonias leucopterus","Fumarell alablanc","Protegida"
"Ocell","Caradriformes","Chlidonias niger","Fumarell negre","En perill d'extinció"
"Ocell","Caradriformes","Chroicocephalus genei (= Larus genei)","Gavina capblanca","Vulnerable"
"Ocell","Caradriformes","Fratercula arctica","Fraret","Protegida"
"Ocell","Caradriformes","Gallinago media","Becadell gros","Protegida"
"Ocell","Caradriformes","Gelochelidon nilotica (= Sterna nilotica)","Curroc","Vulnerable"
"Ocell","Caradriformes","Glareola pratincola","Perdiu de mar","Vulnerable"
"Ocell","Caradriformes","Haematopus ostralegus","Garsa de mar","Protegida"
"Ocell","Caradriformes","Himantopus himantopus","Cames llargues","Protegida"
"Ocell","Caradriformes","Hydrocoloeus minutus (= Larus minutus)","Gavina menuda","Protegida"
"Ocell","Caradriformes","Hydroprogne caspia (= Sterna caspia)","Xatrac gros","Protegida"
"Ocell","Caradriformes","Ichthyaetus audouinii (= Larus audouinii)","Gavina corsa","En perill d'extinció"
"Ocell","Caradriformes","Ichthyaetus melanocephalus (= Larus melanocephalus)","Gavina capnegra","Protegida"
"Ocell","Caradriformes","Larus canus","Gavina cendrosa","Protegida"
"Ocell","Caradriformes","Larus marinus","Gavinot","Protegida"
"Ocell","Caradriformes","Limosa lapponica","Tètol cuabarrat","Protegida"
"Ocell","Caradriformes","Limosa limosa","Tètol cuanegre","Protegida"
"Ocell","Caradriformes","Lymnocryptes minimus","Becadell sord","Protegida"
"Ocell","Caradriformes","Numenius arquata","Becut","Protegida"
"Ocell","Caradriformes","Numenius phaeopus","Polit cantaire","Protegida"
"Ocell","Caradriformes","Phalaropus fulicarius","Escuraflascons becgròs","Protegida"
"Ocell","Caradriformes","Phalaropus lobatus","Escuraflascons becfí","Protegida"
"Ocell","Caradriformes","Pluvialis apricaria","Daurada grossa","Protegida"
"Ocell","Caradriformes","Pluvialis squatarola","Pigre gris","Protegida"
"Ocell","Caradriformes","Recurvirostra avosetta","Bec d'alena","Vulnerable"
"Ocell","Caradriformes","Rissa tridactyla","Gavineta de tres dits","Protegida"
"Ocell","Caradriformes","Stercorarius longicaudus","Paràsit cuallarg","Protegida"
"Ocell","Caradriformes","Stercorarius parasiticus","Paràsit cuapunxegut","Protegida"
"Ocell","Caradriformes","Stercorarius pomarinus","Paràsit cuaample","Protegida"
"Ocell","Caradriformes","Stercorarius skua","Paràsit gros","Protegida"
"Ocell","Caradriformes","Sterna hirundo","Xatrac comú","Vulnerable"
"Ocell","Caradriformes","Sternula albifrons (= Sterna albifrons)","Xatrac menut","Vulnerable"
"Ocell","Caradriformes","Thalasseus bengalensis (= Sterna bengalensis)","Xatrac bengali","Protegida"
"Ocell","Caradriformes","Thalasseus sandvicensis (= Sterna sandvicensis)","Xatrac becllarg","Vulnerable"
"Ocell","Caradriformes","Tringa erythropus","Gamba roja pintada","Protegida"
"Ocell","Caradriformes","Tringa glareola","Valona","Protegida"
"Ocell","Caradriformes","Tringa nebularia","Gamba verda","Protegida"
"Ocell","Caradriformes","Tringa ochropus","Xivita","Protegida"
"Ocell","Caradriformes","Tringa stagnatilis","Siseta","Protegida"
"Ocell","Caradriformes","Tringa totanus","Gamba roja vulgar","Protegida"
"Ocell","Caradriformes","Uria aalge","Somorgollaire","Protegida"
"Ocell","Ciconiformes","Ardea alba (= Egretta alba)","Agró blanc","Protegida"
"Ocell","Ciconiformes","Ardea cinerea","Bernat pescaire","Protegida"
"Ocell","Ciconiformes","Ardea purpurea","Agró roig","Vulnerable"
"Ocell","Ciconiformes","Ardeola ralloides","Martinet ros","Vulnerable"
"Ocell","Ciconiformes","Botaurus stellaris","Bitó comú","En perill d'extinció"
"Ocell","Ciconiformes","Bubulcus ibis","Esplugabous","Protegida"
"Ocell","Ciconiformes","Ciconia ciconia","Cigonya blanca","Protegida"
"Ocell","Ciconiformes","Ciconia nigra","Cigonya negra","Protegida"
"Ocell","Ciconiformes","Egretta garzetta","Martinet blanc","Protegida"
"Ocell","Ciconiformes","Ixobrychus minutus","Martinet menut","Protegida"
"Ocell","Ciconiformes","Nycticorax nycticorax","Martinet de nit","Protegida"
"Ocell","Ciconiformes","Phoenicopterus roseus","Flamenc","Vulnerable"
"Ocell","Ciconiformes","Platalea leucorodia","Bec planer","Protegida"
"Ocell","Ciconiformes","Plegadis falcinellus","Capo reial","Protegida"
"Ocell","Coraciformes","Alcedo atthis","Blauet","Protegida"
"Ocell","Coraciformes","Coracias garrulus","Gaig blau","Protegida"
"Ocell","Coraciformes","Merops apiaster","Abellerol","Protegida"
"Ocell","Coraciformes","Upupa epops","Puput","Protegida"
"Ocell","Cuculiformes","Clamator glandarius","Cucut reial","Vulnerable"
"Ocell","Cuculiformes","Cuculus canorus","Cucut","Protegida"
"Ocell","Estrigiformes","Aegolius funereus","Mussol pirinenc","Vulnerable"
"Ocell","Estrigiformes","Asio flammeus","Mussol emigrant","Protegida"
"Ocell","Estrigiformes","Asio otus","Mussol banyut","Protegida"
"Ocell","Estrigiformes","Athene noctua","Mussol comú","Vulnerable"
"Ocell","Estrigiformes","Bubo bubo","Duc","Protegida"
"Ocell","Estrigiformes","Otus scops","Xot","Protegida"
"Ocell","Estrigiformes","Strix aluco","Gamarús","Protegida"
"Ocell","Estrigiformes","Tyto alba","Òliba","Vulnerable"
"Ocell","Falconiformes","Falco columbarius","Esmerla","Protegida"
"Ocell","Falconiformes","Falco eleonorae","Falcó de la reina","Protegida"
"Ocell","Falconiformes","Falco peregrinus","Falcó pelegrí","Protegida"
"Ocell","Falconiformes","Falco subbuteo","Falcó mostatxut","Protegida"
"Ocell","Falconiformes","Falco tinnunculus","Xoriguer (comú)","Protegida"
"Ocell","Falconiformes","Falco vespertinus","Falcó cama-roig","Protegida"
"Ocell","Gal·liformes","Alectoris graeca","Perdiu de roca","Extinta com a reproductora"
"Ocell","Gal·liformes","Lagopus muta","Perdiu blanca","Vulnerable"
"Ocell","Gal·liformes","Lyrurus tetrix","Gall de cua forcada","Extinta com a reproductora"
"Ocell","Gal·liformes","Tetrao urogallus","Gall fer","En perill d'extinció"
"Ocell","Gal·liformes","Tetrastes bonasia (= Bonasa bonasia)","Grèvol","Extinta com a reproductora"
"Ocell","Gaviformes","Gavia arctica","Calàbria agulla","Protegida"
"Ocell","Gaviformes","Gavia immer","Calàbria grossa","Protegida"
"Ocell","Gaviformes","Gavia stellata","Calàbria petita","Protegida"
"Ocell","Gruïformes","Crex crex","Guatlla maresa","Protegida"
"Ocell","Gruïformes","Fulica cristata","Fotja banyuda","En perill d'extinció"
"Ocell","Gruïformes","Grus grus","Grua (vulgar)","Protegida"
"Ocell","Gruïformes","Otis tarda","Pioc salvatge","Extinta com a reproductora"
"Ocell","Gruïformes","Porphyrio porphyrio","Polla blava","Protegida"
"Ocell","Gruïformes","Porzana porzana","Polla pintada","Protegida"
"Ocell","Gruïformes","Rallus aquaticus","Rascló","Protegida"
"Ocell","Gruïformes","Tetrax tetrax","Sisó","En perill d'extinció"
"Ocell","Gruïformes","Zapornia parva (= Porzana parva)","Rascletó","Protegida"
"Ocell","Gruïformes","Zapornia pusilla (= Porzana pusilla)","Rasclet","Vulnerable"
"Ocell","Passeriformes","Acrocephalus arundinaceus","Balquer","Protegida"
"Ocell","Passeriformes","Acrocephalus melanopogon","Boscarla mostatxuda","Vulnerable"
"Ocell","Passeriformes","Acrocephalus paludicola","Boscarla d’aigua","Protegida"
"Ocell","Passeriformes","Acrocephalus schoenobaenus","Boscarla dels joncs","Protegida"
"Ocell","Passeriformes","Acrocephalus scirpaceus","Boscarla de canyar","Protegida"
"Ocell","Passeriformes","Aegithalos caudatus","Mallerenga cuallarga","Protegida"
"Ocell","Passeriformes","Alaudala rufescens (= Calandrella rufescens)","Terrerola rogenca","Protegida"
"Ocell","Passeriformes","Anthus campestris","Trobat","Protegida"
"Ocell","Passeriformes","Anthus cervinus","Piula gola-roja","Protegida"
"Ocell","Passeriformes","Anthus pratensis","Titella","Protegida"
"Ocell","Passeriformes","Anthus spinoletta","Grasset de muntanya","Protegida"
"Ocell","Passeriformes","Anthus trivialis","Piula dels arbres","Protegida"
"Ocell","Passeriformes","Calandrella brachydactyla","Terrerola vulgar","En perill d'extinció"
"Ocell","Passeriformes","Carduelis citrinella (= Serinus citrinella)","Llucareta","Protegida"
"Ocell","Passeriformes","Cecropis daurica (= Hirundo daurica)","Oreneta cua-rogenca","Protegida"
"Ocell","Passeriformes","Cercotrichas galactotes","Cuaenlairat","Extinta com a reproductora"
"Ocell","Passeriformes","Certhia brachydactyla","Raspinell comú","Protegida"
"Ocell","Passeriformes","Certhia familiaris","Raspinell pirinenc","Protegida"
"Ocell","Passeriformes","Cettia cetti","Rossinyol bord","Protegida"
"Ocell","Passeriformes","Chersophilus duponti","Alosa becuda","En perill d'extinció"
"Ocell","Passeriformes","Cinclus cinclus aquaticus","Merla d'aigua","En perill d'extinció"
"Ocell","Passeriformes","Cinclus cinclus cinclus","Merla d’aigua","Protegida"
"Ocell","Passeriformes","Cisticola juncidis","Trist","Protegida"
"Ocell","Passeriformes","Coccothraustes coccothraustes","Durbec","Protegida"
"Ocell","Passeriformes","Coloeus monedula (=  Corvus monedula)","Gralla","Vulnerable"
"Ocell","Passeriformes","Curruca communis (= Sylvia communis)","Tallareta vulgar","Protegida"
"Ocell","Passeriformes","Curruca conspicillata (= Sylvia conspicillata)","Tallarol trencamates","Vulnerable"
"Ocell","Passeriformes","Curruca hortensis (= Sylvia hortensis)","Tallarol emmascarat","Protegida"
"Ocell","Passeriformes","Curruca iberiae (= Sylvia iberiae = Sylvia cantillans)","Tallarol de garriga","Protegida"
"Ocell","Passeriformes","Curruca melanocephala (= Sylvia melanocephala)","Tallarol capnegre","Protegida"
"Ocell","Passeriformes","Curruca undata (= Sylvia undata)","Tallareta cuallarga","Protegida"
"Ocell","Passeriformes","Cyanistes caeruleus (= Parus caeruleus)","Mallerenga blava","Protegida"
"Ocell","Passeriformes","Delichon urbicum","Oreneta cuablanca","Protegida"
"Ocell","Passeriformes","Emberiza cia","Sit negre","Protegida"
"Ocell","Passeriformes","Emberiza cirlus","Gratapalles","Protegida"
"Ocell","Passeriformes","Emberiza citrinella","Verderola","Vulnerable"
"Ocell","Passeriformes","Emberiza hortulana","Hortolà","Protegida"
"Ocell","Passeriformes","Emberiza schoeniclus witherbyi","Repicatalons","En perill d'extinció"
"Ocell","Passeriformes","Erithacus rubecula","Pit-roig","Protegida"
"Ocell","Passeriformes","Ficedula albicollis","Papamosques de collar","Protegida"
"Ocell","Passeriformes","Ficedula hypoleuca","Mastegatatxes","Protegida"
"Ocell","Passeriformes","Fringilla montifringilla","Pinsà mec","Protegida"
"Ocell","Passeriformes","Galerida cristata","Cogullada vulgar","Protegida"
"Ocell","Passeriformes","Galerida theklae","Cogullada fosca","Protegida"
"Ocell","Passeriformes","Hippolais polyglotta","Bosqueta vulgar","Protegida"
"Ocell","Passeriformes","Hirundo rustica","Oreneta vulgar","Protegida"
"Ocell","Passeriformes","Iduna opaca (= Hippolais opaca)","Bosqueta pàl·lida occidental","Protegida"
"Ocell","Passeriformes","Lanius collurio","Escorxador","Protegida"
"Ocell","Passeriformes","Lanius meridionalis","Botxí meridional","En perill d'extinció"
"Ocell","Passeriformes","Lanius minor","Trenca","En perill d'extinció"
"Ocell","Passeriformes","Lanius senator","Capsigrany","Protegida"
"Ocell","Passeriformes","Locustella luscinioides","Boscaler comú","En perill d'extinció"
"Ocell","Passeriformes","Locustella naevia","Boscaler pintat gros","Protegida"
"Ocell","Passeriformes","Lophophanes cristatus (= Parus cristatus)","Mallerenga emplomallada","Protegida"
"Ocell","Passeriformes","Loxia curvirostra","Trencapinyes","Protegida"
"Ocell","Passeriformes","Lullula arborea","Cotoliu","Protegida"
"Ocell","Passeriformes","Luscinia megarhynchos","Rossinyol","Protegida"
"Ocell","Passeriformes","Luscinia svecica","Cotxa blava","Protegida"
"Ocell","Passeriformes","Melanocorypha calandra","Calàndria","Protegida"
"Ocell","Passeriformes","Monticola saxatilis","Merla roquera","Protegida"
"Ocell","Passeriformes","Monticola solitarius","Merla blava","Protegida"
"Ocell","Passeriformes","Montifringilla nivalis","Pardal d’ala blanca","Protegida"
"Ocell","Passeriformes","Motacilla alba","Cuereta blanca","Protegida"
"Ocell","Passeriformes","Motacilla cinerea","Cuereta torrentera","Protegida"
"Ocell","Passeriformes","Motacilla flava","Cuereta groga","Protegida"
"Ocell","Passeriformes","Muscicapa striata","Papamosques gris","Protegida"
"Ocell","Passeriformes","Oenanthe hispanica","Còlit ros","Vulnerable"
"Ocell","Passeriformes","Oenanthe leucura","Còlit negre","En perill d'extinció"
"Ocell","Passeriformes","Oenanthe oenanthe","Còlit gris","Protegida"
"Ocell","Passeriformes","Oriolus oriolus","Oriol","Protegida"
"Ocell","Passeriformes","Panurus biarmicus","Mallerenga de bigotis","En perill d'extinció"
"Ocell","Passeriformes","Parus major","Mallerenga carbonera","Protegida"
"Ocell","Passeriformes","Periparus ater (= Parus ater)","Mallerenga petita","Protegida"
"Ocell","Passeriformes","Petronia petronia","Pardal roquer","Protegida"
"Ocell","Passeriformes","Phoenicurus ochruros","Cotxa fumada","Protegida"
"Ocell","Passeriformes","Phoenicurus phoenicurus","Cotxa cua-roja","Vulnerable"
"Ocell","Passeriformes","Phylloscopus bonelli","Mosquiter pàl·lid","Protegida"
"Ocell","Passeriformes","Phylloscopus collybita","Mosquiter comú","Protegida"
"Ocell","Passeriformes","Phylloscopus ibericus","Mosquiter ibèric","Protegida"
"Ocell","Passeriformes","Phylloscopus sibilatrix","Mosquiter xiulaire","Protegida"
"Ocell","Passeriformes","Phylloscopus trochilus","Mosquiter de passa","Protegida"
"Ocell","Passeriformes","Plectrophenax nivalis","Sit blanc","Protegida"
"Ocell","Passeriformes","Poecile palustris (= Parus palustris)","Mallerenga d’aigua","Protegida"
"Ocell","Passeriformes","Prunella collaris","Cercavores","Protegida"
"Ocell","Passeriformes","Prunella modularis","Pardal de bardissa","Protegida"
"Ocell","Passeriformes","Ptyonoprogne rupestris","Roquerol","Protegida"
"Ocell","Passeriformes","Pyrrhocorax graculus","Gralla de bec groc","Protegida"
"Ocell","Passeriformes","Pyrrhocorax pyrrhocorax","Gralla de bec vermell","Protegida"
"Ocell","Passeriformes","Pyrrhula pyrrhula","Pinsà borroner","Protegida"
"Ocell","Passeriformes","Regulus ignicapilla","Bruel","Protegida"
"Ocell","Passeriformes","Regulus regulus","Reietó","Protegida"
"Ocell","Passeriformes","Remiz pendulinus","Teixidor","Protegida"
"Ocell","Passeriformes","Riparia riparia","Oreneta de ribera","Protegida"
"Ocell","Passeriformes","Saxicola rubetra","Bitxac rogenc","Vulnerable"
"Ocell","Passeriformes","Saxicola rubicola (= Saxicola torquata)","Bitxac comú","Protegida"
"Ocell","Passeriformes","Serinus serinus","Gafarró","Protegida"
"Ocell","Passeriformes","Sitta europaea","Pica-soques blau","Protegida"
"Ocell","Passeriformes","Spinus spinus (= Carduelis spinus)","Lluer","Protegida"
"Ocell","Passeriformes","Sylvia atricapilla","Tallarol de casquet","Protegida"
"Ocell","Passeriformes","Sylvia borin","Tallarol gros","Protegida"
"Ocell","Passeriformes","Tichodroma muraria","Pela-roques","Protegida"
"Ocell","Passeriformes","Troglodytes troglodytes","Cargolet","Protegida"
"Ocell","Passeriformes","Turdus torquatus","Merla de pit blanc","Protegida"
"Ocell","Pelecaniformes","Morus bassanus","Mascarell","Protegida"
"Ocell","Pelecaniformes","Phalacrocorax aristotelis desmarestii","Corbmarí emplomallat mediterrani","Vulnerable"
"Ocell","Piciformes","Dendrocopos major","Picot garser gros","Protegida"
"Ocell","Piciformes","Dendrocoptes medius (= Dendrocopos medius)","Picot garser mitjà","Protegida"
"Ocell","Piciformes","Dryobates minor (= Dendrocopos minor)","Picot garser petit","Protegida"
"Ocell","Piciformes","Dryocopus martius","Picot negre","Protegida"
"Ocell","Piciformes","Jynx torquilla","Colltort","Protegida"
"Ocell","Piciformes","Picus sharpei (= Picus viridis sharpei)","Picot verd","Protegida"
"Ocell","Podicipediformes","Podiceps auritus","Cabussó orellut","Protegida"
"Ocell","Podicipediformes","Podiceps cristatus","Cabussó emplomallat","Protegida"
"Ocell","Podicipediformes","Podiceps nigricollis","Cabussó capnegre","Protegida"
"Ocell","Podicipediformes","Tachybaptus ruficollis","Cabusset","Protegida"
"Ocell","Procel·lariformes","Ardenna grisea (= Puffinus griseus)","Baldriga grisa","Protegida"
"Ocell","Procel·lariformes","Calonectris diomedea","Baldriga cendrosa mediterrània","Vulnerable"
"Ocell","Procel·lariformes","Hydrobates pelagicus","Ocell de tempesta","En perill d'extinció"
"Ocell","Procel·lariformes","Puffinus mauretanicus","Baldriga balear","En perill d'extinció"
"Ocell","Procel·lariformes","Puffinus yelkouan","Baldriga mediterrània","Vulnerable"
"Ocell","Pteroclidiformes","Pterocles alchata","Ganga","Vulnerable"
"Ocell","Pteroclidiformes","Pterocles orientalis","Xurra","En perill d'extinció"
"Peix","Acipenseriformes","Acipenser sturio","Esturió europeu","Extinta com a reproductora"
"Peix","Carchariniformes","Carcharhinus plumbeus","Tauró gris","Protegida"
"Peix","Carchariniformes","Galeorhinus galeus","Caçó","Protegida"
"Peix","Carchariniformes","Mustelus mustelus","Mussola vera","Protegida"
"Peix","Carchariniformes","Sphyrna zygaena","Peix martell","Protegida"
"Peix","Cipriniformes","Achondrostoma arcasii (= Chondrostoma arcasii = Rutilus arcasii)","Madrilleta roja","En perill d'extinció"
"Peix","Cipriniformes","Aphanius iberus","Fartet","En perill d'extinció"
"Peix","Cipriniformes","Barbatula quignardi (= Noemachelius barbatulus)","Llop de riu","Vulnerable"
"Peix","Cipriniformes","Cobitis calderoni (= C. paludica)","Llopet ibèric","En perill d'extinció"
"Peix","Cipriniformes","Cobitis paludica","Llopet de riu","En perill d'extinció"
"Peix","Cipriniformes","Parachondrostoma miegii","Madrilla","Vulnerable"
"Peix","Cipriniformes","Valencia hispanica","Samaruc","En perill d'extinció"
"Peix","Clupeïformes","Alosa alosa","Guerxa","Protegida"
"Peix","Clupeïformes","Alosa fallax","Saboga","Vulnerable"
"Peix","Escorpeniformes","Cottus hispaniolensis (= Cottus gobio)","Cavilat","En perill d'extinció"
"Peix","Esqualiformes","Dalatias licha","Tauró gata","Protegida"
"Peix","Esqualiformes","Oxynotus centrina","Porc marí","Protegida"
"Peix","Esquatiniformes","Squatina aculeata","Àngel tacat","Protegida"
"Peix","Esquatiniformes","Squatina squatina","Àngel comú","Protegida"
"Peix","Gasterosteïformes","Gasterosteus aculeatus","Espinós, punxoset","En perill d'extinció"
"Peix","Lamniformes","Alopias superciliosus","Tauró guilla","Protegida"
"Peix","Lamniformes","Alopias vulpinus","Tauró guilla","Protegida"
"Peix","Lamniformes","Carcharias taurus","Tauró toro","Protegida"
"Peix","Lamniformes","Carcharodon carcharias","Tauró blanc","Protegida"
"Peix","Lamniformes","Cetorhinus maximus","Tauró pelegrí","Protegida"
"Peix","Lamniformes","Isurus oxyrinchus","Solraig, marraix comú o tauró mako","Protegida"
"Peix","Lamniformes","Lamna nasus","Marraix sardiner o Cailó","Protegida"
"Peix","Lamniformes","Odontaspis ferox","Solraig llis","Protegida"
"Peix","Myliobatiformes","Mobula mobular","Manta","Protegida"
"Peix","Perciformes","Salaria fluviatilis (= Blennius fluviatilis)","Rabosa de riu","Vulnerable"
"Peix","Petromizoniformes","Petromyzon marinus","Lampresa de mar","Extinta com a reproductora"
"Peix","Pristiformes","Pristis pectinata","Peix serra","Protegida"
"Peix","Pristiformes","Pristis pristis","Peix serra","Protegida"
"Peix","Rajiformes","Dipturus batis","Rajada noriega o comuna","Protegida"
"Peix","Rajiformes","Gymnura altavela","Mantellina","Protegida"
"Peix","Rajiformes","Leucoraja circularis","Rajada d'anells o falsa vela","Protegida"
"Peix","Rajiformes","Leucoraja fullonica","Rajada cardaire o clavellada","Protegida"
"Peix","Rajiformes","Pteromylaeus bovinus",,"Protegida"
"Peix","Rajiformes","Raja undulata","Rajada ondulada","Protegida"
"Peix","Rajiformes","Rostroraja alba","Rajada blanca","Protegida"
"Peix","Rhinobatiformes","Glaucostegus cemiculus (= Rhinobatos cemiculus)","Peix guitarra de musell negre","Protegida"
"Peix","Rhinobatiformes","Rhinobatos rhinobatos","Peix guitarra comú","Protegida"
"Peix","Singnatiformes","Hippocampus guttulatus (= Hippocampus ramulosus)","Cavallet de mar","Protegida"
"Peix","Singnatiformes","Hippocampus hippocampus","Cavallet de mar","Protegida"
"Rèptil","Escatosos","Acanthodactylus erythrurus","Sargantana cua-roja","Vulnerable"
"Rèptil","Escatosos","Anguis fragilis","Vidriol","Protegida"
"Rèptil","Escatosos","Blanus cinereus","Serpeta cega","Extinta com a reproductora"
"Rèptil","Escatosos","Chalcides bedriagai","Lludrió ibèric","Vulnerable"
"Rèptil","Escatosos","Chalcides striatus","Lludrió llistat","Protegida"
"Rèptil","Escatosos","Coronella austriaca","Serp llisa septentrional","Protegida"
"Rèptil","Escatosos","Coronella girondica","Serp llisa meridional","Protegida"
"Rèptil","Escatosos","Hemidactylus turcicus","Dragó rosat","Protegida"
"Rèptil","Escatosos","Hemorrhois hippocrepis","Serp de ferradura","Protegida"
"Rèptil","Escatosos","Hierophis viridiflavus","Serp verd-groga","Protegida"
"Rèptil","Escatosos","Iberolacerta aranica","Sargantana aranesa","En perill d'extinció"
"Rèptil","Escatosos","Iberolacerta aurelioi","Sargantana pallaresa","En perill d'extinció"
"Rèptil","Escatosos","Iberolacerta bonnali","Sargantana pirinenca","Vulnerable"
"Rèptil","Escatosos","Lacerta agilis","Llangardaix pirinenc","En perill d'extinció"
"Rèptil","Escatosos","Lacerta bilineata","Lluert","Protegida"
"Rèptil","Escatosos","Malpolon monspessulanus","Serp verda","Protegida"
"Rèptil","Escatosos","Natrix astreptophora (= Natrix natrix)","Serp de collaret ibèrica","Protegida"
"Rèptil","Escatosos","Natrix helvetica (= Natrix natrix)","Serp de collaret europea","Protegida"
"Rèptil","Escatosos","Natrix maura","Serp d’aigua","Protegida"
"Rèptil","Escatosos","Podarcis liolepis (= Podarcis hispanica)","Sargantana iberoprovençal","Protegida"
"Rèptil","Escatosos","Podarcis muralis","Sargantana roquera","Protegida"
"Rèptil","Escatosos","Psammodromus algirus","Sargantana cuallarga","Protegida"
"Rèptil","Escatosos","Psammodromus edwarsianus (= Psammodromus hispanicus)","Sargantana cendrosa","Vulnerable"
"Rèptil","Escatosos","Tarentola mauritanica","Dragó comú","Protegida"
"Rèptil","Escatosos","Timon lepidus (= Lacerta lepida)","Llangardaix ocel·lat","Protegida"
"Rèptil","Escatosos","Vipera aspis","Escurçó pirinenc","Protegida"
"Rèptil","Escatosos","Vipera latastei","Escurçó ibèric","Vulnerable"
"Rèptil","Escatosos","Zamenis longissimus","Serp d’Esculapi","Protegida"
"Rèptil","Escatosos","Zamenis scalaris (= Rinechis scalaris = Elaphe scalaris)","Serp blanca","Protegida"
"Rèptil","Escatosos","Zootoca vivipara","Sargantana vivípara","Protegida"
"Rèptil","Testudines","Caretta caretta","Tortuga careta","Vulnerable"
"Rèptil","Testudines","Chelonia mydas","Tortuga verda","Protegida"
"Rèptil","Testudines","Dermochelys coriacea","Tortuga llaüt","Protegida"
"Rèptil","Testudines","Emys orbicularis","Tortuga d'estany","En perill d'extinció"
"Rèptil","Testudines","Mauremys leprosa","Tortuga de rierol","Protegida"
"Rèptil","Testudines","Testudo hermanni","Tortuga mediterrània","En perill d'extinció"

